ID,FIRST_NAME,LAST_NAME
20,Anna,A.
23,Mildred,A.
40,Maria,A.
59,Adam,A.
74,Harry,A.
96,Jacqueline,A.
27,Benjamin,B.
45,Scott,B.
53,Anne,B.
73,Alan,B.
87,Phillip,B.
4,Jimmy,C.
41,Gloria,C.
46,Norma,C.
48,Lillian,C.
64,David,C.
71,Gerald,C.
86,Jason,C.
12,Amy,D.
82,Arthur,D.
97,Shirley,D.
68,Jesse,E.
9,Jennifer,F.
14,Steve,F.
19,Virginia,F.
52,Laura,F.
70,Helen,F.
24,David,G.
31,Jane,G.
63,Edward,G.
99,Mary,G.
15,Teresa,H.
16,Amanda,H.
21,Willie,H.
22,Sean,H.
25,Victor,H.
67,Michael,H.
75,Andrea,H.
78,Harry,H.
80,Phillip,H.
81,Shirley,H.
94,Gregory,H.
37,Shirley,J.
38,Dennis,J.
89,Margaret,J.
18,Johnny,K.
29,Benjamin,K.
56,Joshua,K.
58,Kathryn,K.
50,Billy,L.
2,Shawn,M.
7,Martin,M.
13,Kathleen,M.
33,Katherine,M.
54,Rose,M.
85,Theresa,M.
98,Nicole,M.
100,Jean,M.
43,Kelly,N.
49,Judy,N.
32,Thomas,O.
36,Harold,O.
72,Kathryn,O.
92,Willie,O.
1,Michael,P.
3,Kathleen,P.
47,Marie,P.
62,Elizabeth,P.
69,Janet,P.
90,Paul,P.
95,Lisa,P.
5,Katherine,R.
6,Sarah,R.
8,Frank,R.
17,Kimberly,R.
26,Aaron,R.
44,Jane,R.
51,Howard,R.
55,Nicholas,R.
61,Timothy,R.
79,Jack,R.
83,Virginia,R.
84,Christina,R.
93,Frances,R.
11,Fred,S.
34,Jennifer,S.
42,Diana,S.
35,Sara,T.
88,Adam,T.
10,Henry,W.
28,Lisa,W.
30,Christina,W.
39,Louise,W.
57,Paul,W.
60,Norma,W.
65,Brenda,W.
66,Adam,W.
76,Barbara,W.
77,Anne,W.
91,Todd,W.
